{"cameraMode":{"drawMode":0,"name":"Shaded","section":"Shading Mode"},"sceneLighting":true,"audioPlay":false,"sceneViewState":{"showFog":true,"showMaterialUpdate":false,"showSkybox":true,"showFlares":true,"showImageEffects":true,"showParticleSystems":true},"in2DMode":false,"pivot":{"x":-14.027015686035157,"y":-22.555545806884767,"z":19.6039981842041},"rotation":{"x":-0.32629477977752688,"y":0.18604610860347749,"z":-0.06566661596298218,"w":-0.9244518876075745},"size":78.26270294189453,"orthographic":false}