{"cameraMode":{"drawMode":0,"name":"Shaded","section":"Shading Mode"},"sceneLighting":true,"audioPlay":false,"sceneViewState":{"showFog":true,"showMaterialUpdate":false,"showSkybox":true,"showFlares":true,"showImageEffects":true,"showParticleSystems":true},"in2DMode":false,"pivot":{"x":-0.915580153465271,"y":4.970046043395996,"z":-11.731253623962403},"rotation":{"x":0.26092034578323367,"y":-0.013031881302595139,"z":0.003522643120959401,"w":0.9652658700942993},"size":26.1370792388916,"orthographic":true}