{"cameraMode":{"drawMode":0,"name":"Shaded","section":"Shading Mode"},"sceneLighting":true,"audioPlay":false,"sceneViewState":{"showFog":true,"showMaterialUpdate":false,"showSkybox":true,"showFlares":true,"showImageEffects":true,"showParticleSystems":true},"in2DMode":false,"pivot":{"x":-2.3768157958984377,"y":-1.0270938873291016,"z":1.2169618606567383},"rotation":{"x":-0.09085869789123535,"y":0.47823867201805117,"z":-0.04982473701238632,"w":-0.8720965385437012},"size":11.90103816986084,"orthographic":false}