{"cameraMode":{"drawMode":0,"name":"Shaded","section":"Shading Mode"},"sceneLighting":true,"audioPlay":false,"sceneViewState":{"showFog":true,"showMaterialUpdate":false,"showSkybox":true,"showFlares":true,"showImageEffects":true,"showParticleSystems":true},"in2DMode":false,"pivot":{"x":2.3104248046875,"y":-3.357238292694092,"z":-4.815805435180664},"rotation":{"x":0.14858995378017426,"y":0.4694962799549103,"z":-0.08050058782100678,"w":0.8666131496429443},"size":32.47819519042969,"orthographic":false}