{"cameraMode":{"drawMode":0,"name":"Shaded","section":"Shading Mode"},"sceneLighting":true,"audioPlay":false,"sceneViewState":{"showFog":true,"showMaterialUpdate":false,"showSkybox":true,"showFlares":true,"showImageEffects":true,"showParticleSystems":true},"in2DMode":false,"pivot":{"x":-3.001028299331665,"y":-0.8170866370201111,"z":0.20356465876102448},"rotation":{"x":-0.08057782053947449,"y":0.5225425958633423,"z":-0.04969092831015587,"w":-0.847342312335968},"size":11.90103816986084,"orthographic":false}