{"cameraMode":{"drawMode":0,"name":"Shaded","section":"Shading Mode"},"sceneLighting":true,"audioPlay":false,"sceneViewState":{"showFog":true,"showMaterialUpdate":false,"showSkybox":true,"showFlares":true,"showImageEffects":true,"showParticleSystems":true},"in2DMode":false,"pivot":{"x":5.47537899017334,"y":-1.5096924304962159,"z":-13.777685165405274},"rotation":{"x":0.10929512232542038,"y":0.6037319302558899,"z":-0.08403878659009934,"w":0.7851774096488953},"size":18.189533233642579,"orthographic":false}