{"cameraMode":{"drawMode":0,"name":"Shaded","section":"Shading Mode"},"sceneLighting":true,"audioPlay":false,"sceneViewState":{"showFog":true,"showMaterialUpdate":false,"showSkybox":true,"showFlares":true,"showImageEffects":true,"showParticleSystems":true},"in2DMode":false,"pivot":{"x":-0.012502461671829224,"y":4.168357849121094,"z":-3.7027721405029299},"rotation":{"x":0.5084573030471802,"y":0.003874860005453229,"z":-0.002288069808855653,"w":0.8610753417015076},"size":46.741939544677737,"orthographic":false}