{"cameraMode":{"drawMode":0,"name":"Shaded","section":"Shading Mode"},"sceneLighting":true,"audioPlay":false,"sceneViewState":{"showFog":true,"showMaterialUpdate":false,"showSkybox":true,"showFlares":true,"showImageEffects":true,"showParticleSystems":true},"in2DMode":false,"pivot":{"x":0.21271103620529176,"y":1.084375023841858,"z":-8.17514419555664},"rotation":{"x":0.15140075981616975,"y":-0.0950324684381485,"z":0.01462512370198965,"w":0.9837849140167236},"size":20.895347595214845,"orthographic":true}