{"cameraMode":{"drawMode":0,"name":"Shaded","section":"Shading Mode"},"sceneLighting":false,"audioPlay":false,"sceneViewState":{"showFog":true,"showMaterialUpdate":false,"showSkybox":false,"showFlares":true,"showImageEffects":true,"showParticleSystems":true},"in2DMode":false,"pivot":{"x":2.384185791015625e-7,"y":4.110000133514404,"z":-6.65000057220459},"rotation":{"x":-0.30126363039016726,"y":-0.5103080868721008,"z":0.1968095600605011,"w":-0.7810987234115601},"size":12.124977111816407,"orthographic":true}