{"cameraMode":{"drawMode":0,"name":"Shaded","section":"Shading Mode"},"sceneLighting":true,"audioPlay":false,"sceneViewState":{"showFog":true,"showMaterialUpdate":false,"showSkybox":true,"showFlares":true,"showImageEffects":true,"showParticleSystems":true},"in2DMode":false,"pivot":{"x":-3.233457565307617,"y":5.292179107666016,"z":-5.190929412841797},"rotation":{"x":0.4002948999404907,"y":0.015119302086532116,"z":-0.006605466827750206,"w":0.9162381291389465},"size":28.0999813079834,"orthographic":false}