{"cameraMode":{"drawMode":0,"name":"Shaded","section":"Shading Mode"},"sceneLighting":true,"audioPlay":false,"sceneViewState":{"showFog":true,"showMaterialUpdate":false,"showSkybox":true,"showFlares":true,"showImageEffects":true,"showParticleSystems":true},"in2DMode":false,"pivot":{"x":-0.46836352348327639,"y":-0.015077590942382813,"z":-18.625762939453126},"rotation":{"x":-0.10454940795898438,"y":0.756229043006897,"z":-0.12475713342428208,"w":-0.6337379217147827},"size":15.614805221557618,"orthographic":true}