{"cameraMode":{"drawMode":0,"name":"Shaded","section":"Shading Mode"},"sceneLighting":true,"audioPlay":false,"sceneViewState":{"showFog":true,"showMaterialUpdate":false,"showSkybox":true,"showFlares":true,"showImageEffects":true,"showParticleSystems":true},"in2DMode":false,"pivot":{"x":0.0015374422073364258,"y":-0.970000147819519,"z":-19.290000915527345},"rotation":{"x":-0.39420437812805178,"y":-0.5551974177360535,"z":0.33644112944602969,"w":-0.6505255699157715},"size":5.236924648284912,"orthographic":true}