{"cameraMode":{"drawMode":0,"name":"Shaded","section":"Shading Mode"},"sceneLighting":true,"audioPlay":false,"sceneViewState":{"showFog":true,"showMaterialUpdate":false,"showSkybox":true,"showFlares":true,"showImageEffects":true,"showParticleSystems":true},"in2DMode":false,"pivot":{"x":0.6299999952316284,"y":26.68000030517578,"z":-21.149999618530275},"rotation":{"x":0.2270994931459427,"y":0.07588493824005127,"z":-0.01773536019027233,"w":0.9707609415054321},"size":42.08168411254883,"orthographic":true}