{"cameraMode":{"drawMode":0,"name":"Shaded","section":"Shading Mode"},"sceneLighting":false,"audioPlay":false,"sceneViewState":{"showFog":true,"showMaterialUpdate":false,"showSkybox":false,"showFlares":true,"showImageEffects":true,"showParticleSystems":true},"in2DMode":false,"pivot":{"x":-68.62047576904297,"y":-33.25275421142578,"z":4.796959400177002},"rotation":{"x":0.20181919634342194,"y":-0.5650179982185364,"z":0.1449354737997055,"w":0.7867776155471802},"size":166.5820770263672,"orthographic":false}