{"cameraMode":{"drawMode":0,"name":"Shaded","section":"Shading Mode"},"sceneLighting":true,"audioPlay":false,"sceneViewState":{"showFog":true,"showMaterialUpdate":false,"showSkybox":true,"showFlares":true,"showImageEffects":true,"showParticleSystems":true},"in2DMode":false,"pivot":{"x":0.295976847410202,"y":-0.29547354578971865,"z":-8.602110862731934},"rotation":{"x":0.15140075981616975,"y":-0.0950324684381485,"z":0.01462512370198965,"w":0.9837849140167236},"size":31.350662231445314,"orthographic":true}