{"cameraMode":{"drawMode":0,"name":"Shaded","section":"Shading Mode"},"sceneLighting":true,"audioPlay":false,"sceneViewState":{"showFog":true,"showMaterialUpdate":false,"showSkybox":true,"showFlares":true,"showImageEffects":true,"showParticleSystems":true},"in2DMode":false,"pivot":{"x":0.6299999952316284,"y":26.68000030517578,"z":-21.149999618530275},"rotation":{"x":-0.2477138191461563,"y":-0.7324784994125366,"z":0.3382330536842346,"w":-0.5364079475402832},"size":60.95811080932617,"orthographic":true}