{"cameraMode":{"drawMode":0,"name":"Shaded","section":"Shading Mode"},"sceneLighting":true,"audioPlay":false,"sceneViewState":{"showFog":true,"showMaterialUpdate":false,"showSkybox":true,"showFlares":true,"showImageEffects":true,"showParticleSystems":true},"in2DMode":false,"pivot":{"x":1.7681907415390015,"y":-2.7158443927764894,"z":-12.3265962600708},"rotation":{"x":-0.1715174913406372,"y":-0.14571499824523927,"z":0.025658046826720239,"w":-0.9740170240402222},"size":46.76239013671875,"orthographic":true}