{"cameraMode":{"drawMode":0,"name":"Shaded","section":"Shading Mode"},"sceneLighting":true,"audioPlay":false,"sceneViewState":{"showFog":true,"showMaterialUpdate":false,"showSkybox":true,"showFlares":true,"showImageEffects":true,"showParticleSystems":true},"in2DMode":false,"pivot":{"x":-1.1367130279541016,"y":-6.1640625,"z":19.08984375},"rotation":{"x":0.5030058026313782,"y":-0.07860646396875382,"z":0.04600250720977783,"w":0.8594781160354614},"size":92.15160369873047,"orthographic":true}