{"cameraMode":{"drawMode":0,"name":"Shaded","section":"Shading Mode"},"sceneLighting":true,"audioPlay":false,"sceneViewState":{"showFog":true,"showMaterialUpdate":false,"showSkybox":true,"showFlares":true,"showImageEffects":true,"showParticleSystems":true},"in2DMode":false,"pivot":{"x":0.00014638900756835938,"y":2.809999942779541,"z":-7.178868293762207},"rotation":{"x":-0.1511569768190384,"y":0.7060947418212891,"z":-0.15849679708480836,"w":-0.6733958125114441},"size":25.72095489501953,"orthographic":false}