{"cameraMode":{"drawMode":0,"name":"Shaded","section":"Shading Mode"},"sceneLighting":true,"audioPlay":false,"sceneViewState":{"showFog":true,"showMaterialUpdate":false,"showSkybox":true,"showFlares":true,"showImageEffects":true,"showParticleSystems":true},"in2DMode":false,"pivot":{"x":8.158037185668946,"y":4.665589809417725,"z":-25.365795135498048},"rotation":{"x":0.3255680203437805,"y":-0.06375681608915329,"z":0.02200927771627903,"w":0.9431105256080627},"size":24.484764099121095,"orthographic":false}