{"cameraMode":{"drawMode":0,"name":"Shaded","section":"Shading Mode"},"sceneLighting":true,"audioPlay":false,"sceneViewState":{"showFog":true,"showMaterialUpdate":false,"showSkybox":true,"showFlares":true,"showImageEffects":true,"showParticleSystems":true},"in2DMode":false,"pivot":{"x":0.6299999952316284,"y":26.68000030517578,"z":-21.149999618530275},"rotation":{"x":-0.38373586535453799,"y":-0.11151094734668732,"z":0.046728312969207767,"w":-0.9155058860778809},"size":42.08168411254883,"orthographic":true}