{"cameraMode":{"drawMode":0,"name":"Shaded","section":"Shading Mode"},"sceneLighting":false,"audioPlay":false,"sceneViewState":{"showFog":true,"showMaterialUpdate":false,"showSkybox":false,"showFlares":true,"showImageEffects":true,"showParticleSystems":true},"in2DMode":false,"pivot":{"x":10.376816749572754,"y":6.930415630340576,"z":5.070436000823975},"rotation":{"x":-0.1972232460975647,"y":0.750670313835144,"z":-0.25711822509765627,"w":-0.5757756233215332},"size":1.1933372020721436,"orthographic":false}