{"cameraMode":{"drawMode":0,"name":"Shaded","section":"Shading Mode"},"sceneLighting":false,"audioPlay":false,"sceneViewState":{"showFog":true,"showMaterialUpdate":false,"showSkybox":false,"showFlares":true,"showImageEffects":true,"showParticleSystems":true},"in2DMode":false,"pivot":{"x":-2.7939677238464357e-9,"y":0.043545231223106387,"z":-0.0012780018150806428},"rotation":{"x":0.156682550907135,"y":0.5531911849975586,"z":-0.10684379935264588,"w":0.8112058639526367},"size":0.24272938072681428,"orthographic":false}