{"cameraMode":{"drawMode":0,"name":"Shaded","section":"Shading Mode"},"sceneLighting":true,"audioPlay":false,"sceneViewState":{"showFog":true,"showMaterialUpdate":false,"showSkybox":true,"showFlares":true,"showImageEffects":true,"showParticleSystems":true},"in2DMode":false,"pivot":{"x":-189.54847717285157,"y":-8.855066299438477,"z":13.155208587646485},"rotation":{"x":0.6800988912582398,"y":0.0010997431818395854,"z":-0.0010202097473666072,"w":0.7331193089485169},"size":428.3635559082031,"orthographic":true}