{"cameraMode":{"drawMode":0,"name":"Shaded","section":"Shading Mode"},"sceneLighting":false,"audioPlay":false,"sceneViewState":{"showFog":true,"showMaterialUpdate":false,"showSkybox":false,"showFlares":true,"showImageEffects":true,"showParticleSystems":true},"in2DMode":false,"pivot":{"x":0.6523761749267578,"y":0.0938720703125,"z":-0.11990642547607422},"rotation":{"x":0.3685044050216675,"y":0.1670934408903122,"z":-0.06749849766492844,"w":0.9120074510574341},"size":10.939245223999024,"orthographic":false}