{"cameraMode":{"drawMode":0,"name":"Shaded","section":"Shading Mode"},"sceneLighting":true,"audioPlay":false,"sceneViewState":{"showFog":true,"showMaterialUpdate":false,"showSkybox":true,"showFlares":true,"showImageEffects":true,"showParticleSystems":true},"in2DMode":false,"pivot":{"x":66.30046844482422,"y":18.306875228881837,"z":6.771732330322266},"rotation":{"x":0.16963329911231996,"y":0.12674856185913087,"z":-0.02200135961174965,"w":0.9770826697349548},"size":22.0,"orthographic":true}