{"cameraMode":{"drawMode":0,"name":"Shaded","section":"Shading Mode"},"sceneLighting":true,"audioPlay":false,"sceneViewState":{"showFog":true,"showMaterialUpdate":false,"showSkybox":true,"showFlares":true,"showImageEffects":true,"showParticleSystems":true},"in2DMode":false,"pivot":{"x":58.629364013671878,"y":1.3241530656814576,"z":-70.88038635253906},"rotation":{"x":-0.25096845626831057,"y":-0.071947380900383,"z":0.01870741881430149,"w":-0.9651416540145874},"size":45.82917785644531,"orthographic":true}