{"cameraMode":{"drawMode":0,"name":"Shaded","section":"Shading Mode"},"sceneLighting":true,"audioPlay":false,"sceneViewState":{"showFog":true,"showMaterialUpdate":false,"showSkybox":true,"showFlares":true,"showImageEffects":true,"showParticleSystems":true},"in2DMode":false,"pivot":{"x":9.221519470214844,"y":-2.568749189376831,"z":50.01835250854492},"rotation":{"x":0.7175681591033936,"y":-0.009401403367519379,"z":0.009687762707471848,"w":0.6963574886322022},"size":159.0288543701172,"orthographic":true}