{"cameraMode":{"drawMode":0,"name":"Shaded","section":"Shading Mode"},"sceneLighting":true,"audioPlay":false,"sceneViewState":{"showFog":true,"showMaterialUpdate":false,"showSkybox":true,"showFlares":true,"showImageEffects":true,"showParticleSystems":true},"in2DMode":false,"pivot":{"x":-11.955283164978028,"y":1.3832690715789796,"z":-11.824965476989746},"rotation":{"x":0.3175106644630432,"y":-0.039810799062252048,"z":0.01334340125322342,"w":0.9473248720169067},"size":8.267439842224121,"orthographic":false}