{"cameraMode":{"drawMode":0,"name":"Shaded","section":"Shading Mode"},"sceneLighting":false,"audioPlay":false,"sceneViewState":{"showFog":true,"showMaterialUpdate":false,"showSkybox":false,"showFlares":true,"showImageEffects":true,"showParticleSystems":true},"in2DMode":false,"pivot":{"x":0.07527989149093628,"y":-0.01811886578798294,"z":0.0052108364179730419},"rotation":{"x":0.10553417354822159,"y":0.690309464931488,"z":-0.10284607857465744,"w":0.7083507776260376},"size":0.190508633852005,"orthographic":false}