{"cameraMode":{"drawMode":0,"name":"Shaded","section":"Shading Mode"},"sceneLighting":true,"audioPlay":false,"sceneViewState":{"showFog":true,"showMaterialUpdate":false,"showSkybox":true,"showFlares":true,"showImageEffects":true,"showParticleSystems":true},"in2DMode":false,"pivot":{"x":-12.13015365600586,"y":-68.15630340576172,"z":42.12525177001953},"rotation":{"x":0.6800988912582398,"y":0.0010997431818395854,"z":-0.0010202097473666072,"w":0.7331193089485169},"size":150.62942504882813,"orthographic":true}