{"cameraMode":{"drawMode":0,"name":"Shaded","section":"Shading Mode"},"sceneLighting":false,"audioPlay":false,"sceneViewState":{"showFog":true,"showMaterialUpdate":false,"showSkybox":false,"showFlares":true,"showImageEffects":true,"showParticleSystems":true},"in2DMode":false,"pivot":{"x":-0.047009944915771487,"y":2.2817487716674806,"z":-0.2633137106895447},"rotation":{"x":0.21564149856567384,"y":-0.2498307079076767,"z":0.0572570376098156,"w":0.9422872066497803},"size":12.025260925292969,"orthographic":false}