{"cameraMode":{"drawMode":0,"name":"Shaded","section":"Shading Mode"},"sceneLighting":false,"audioPlay":false,"sceneViewState":{"showFog":true,"showMaterialUpdate":false,"showSkybox":false,"showFlares":true,"showImageEffects":true,"showParticleSystems":true},"in2DMode":false,"pivot":{"x":0.0,"y":0.690000057220459,"z":0.8999996185302734},"rotation":{"x":0.5910711288452148,"y":-0.004839650820940733,"z":0.0035464817192405464,"w":0.8065990805625916},"size":26.14091682434082,"orthographic":true}