{"cameraMode":{"drawMode":0,"name":"Shaded","section":"Shading Mode"},"sceneLighting":false,"audioPlay":false,"sceneViewState":{"showFog":true,"showMaterialUpdate":false,"showSkybox":false,"showFlares":true,"showImageEffects":true,"showParticleSystems":true},"in2DMode":false,"pivot":{"x":0.0,"y":0.3071964383125305,"z":-0.02814042568206787},"rotation":{"x":-0.09673275053501129,"y":0.017323443666100503,"z":-0.001689121825620532,"w":-0.9951684474945068},"size":0.906486451625824,"orthographic":true}