{"cameraMode":{"drawMode":0,"name":"Shaded","section":"Shading Mode"},"sceneLighting":true,"audioPlay":false,"sceneViewState":{"showFog":true,"showMaterialUpdate":false,"showSkybox":true,"showFlares":true,"showImageEffects":true,"showParticleSystems":true},"in2DMode":false,"pivot":{"x":-1.2472498416900635,"y":4.53000020980835,"z":-8.800000190734864},"rotation":{"x":-0.07202626019716263,"y":0.14846087992191316,"z":-0.010837972164154053,"w":-0.9862601161003113},"size":20.204830169677736,"orthographic":true}