{"cameraMode":{"drawMode":0,"name":"Shaded","section":"Shading Mode"},"sceneLighting":true,"audioPlay":false,"sceneViewState":{"showFog":true,"showMaterialUpdate":false,"showSkybox":true,"showFlares":true,"showImageEffects":true,"showParticleSystems":true},"in2DMode":false,"pivot":{"x":45.203102111816409,"y":0.33235031366348269,"z":-71.44577026367188},"rotation":{"x":-0.2338702529668808,"y":-0.05189784988760948,"z":0.01250250544399023,"w":-0.9708060622215271},"size":43.71875,"orthographic":true}