{"cameraMode":{"drawMode":0,"name":"Shaded","section":"Shading Mode"},"sceneLighting":true,"audioPlay":false,"sceneViewState":{"showFog":true,"showMaterialUpdate":false,"showSkybox":true,"showFlares":true,"showImageEffects":true,"showParticleSystems":true},"in2DMode":false,"pivot":{"x":0.04891922324895859,"y":-2.9774322509765627,"z":8.126540184020996},"rotation":{"x":0.5354022979736328,"y":-0.1391802430152893,"z":0.08997756987810135,"w":0.8281782269477844},"size":662.8327026367188,"orthographic":true}