{"cameraMode":{"drawMode":0,"name":"Shaded","section":"Shading Mode"},"sceneLighting":false,"audioPlay":false,"sceneViewState":{"showFog":true,"showMaterialUpdate":false,"showSkybox":false,"showFlares":true,"showImageEffects":true,"showParticleSystems":true},"in2DMode":false,"pivot":{"x":-1.3448255062103272,"y":-1.0161446332931519,"z":2.271266460418701},"rotation":{"x":0.13304102420806886,"y":-0.23546229302883149,"z":0.03255748748779297,"w":0.9621841311454773},"size":25.005117416381837,"orthographic":false}