{"cameraMode":{"drawMode":0,"name":"Shaded","section":"Shading Mode"},"sceneLighting":true,"audioPlay":false,"sceneViewState":{"showFog":true,"showMaterialUpdate":false,"showSkybox":true,"showFlares":true,"showImageEffects":true,"showParticleSystems":true},"in2DMode":false,"pivot":{"x":-5.316326141357422,"y":-537.697021484375,"z":402.55975341796877},"rotation":{"x":0.4611909091472626,"y":0.04495815187692642,"z":-0.02338859625160694,"w":0.8858689069747925},"size":1009.9708862304688,"orthographic":false}