{"cameraMode":{"drawMode":0,"name":"Shaded","section":"Shading Mode"},"sceneLighting":false,"audioPlay":false,"sceneViewState":{"showFog":true,"showMaterialUpdate":false,"showSkybox":false,"showFlares":true,"showImageEffects":true,"showParticleSystems":true},"in2DMode":false,"pivot":{"x":-0.5318241715431213,"y":-0.0008987188339233398,"z":-2.0849599838256838},"rotation":{"x":-0.2641128599643707,"y":0.11913156509399414,"z":-0.03289918228983879,"w":-0.9565513134002686},"size":10.583066940307618,"orthographic":true}