{"cameraMode":{"drawMode":0,"name":"Shaded","section":"Shading Mode"},"sceneLighting":false,"audioPlay":false,"sceneViewState":{"showFog":true,"showMaterialUpdate":false,"showSkybox":false,"showFlares":true,"showImageEffects":true,"showParticleSystems":true},"in2DMode":false,"pivot":{"x":0.0,"y":0.6868025064468384,"z":-15.959999084472657},"rotation":{"x":0.3103795349597931,"y":0.5070881247520447,"z":-0.2022436261177063,"w":0.7782187461853027},"size":14.476202011108399,"orthographic":true}