{"cameraMode":{"drawMode":0,"name":"Shaded","section":"Shading Mode"},"sceneLighting":false,"audioPlay":false,"sceneViewState":{"showFog":true,"showMaterialUpdate":false,"showSkybox":false,"showFlares":true,"showImageEffects":true,"showParticleSystems":true},"in2DMode":false,"pivot":{"x":-25.270526885986329,"y":-0.8355406522750855,"z":-16.703914642333986},"rotation":{"x":-0.047252852469682696,"y":0.6596518158912659,"z":-0.04160529747605324,"w":-0.7489418387413025},"size":13.01784610748291,"orthographic":true}