{"cameraMode":{"drawMode":0,"name":"Shaded","section":"Shading Mode"},"sceneLighting":false,"audioPlay":false,"sceneViewState":{"showFog":true,"showMaterialUpdate":false,"showSkybox":false,"showFlares":true,"showImageEffects":true,"showParticleSystems":true},"in2DMode":false,"pivot":{"x":0.6324561238288879,"y":-0.9412543177604675,"z":-12.615349769592286},"rotation":{"x":0.0013104038080200554,"y":0.9985232353210449,"z":-0.04646490141749382,"w":0.028160419315099717},"size":26.319732666015626,"orthographic":false}