{"cameraMode":{"drawMode":0,"name":"Shaded","section":"Shading Mode"},"sceneLighting":false,"audioPlay":false,"sceneViewState":{"showFog":true,"showMaterialUpdate":false,"showSkybox":false,"showFlares":true,"showImageEffects":true,"showParticleSystems":true},"in2DMode":false,"pivot":{"x":-0.06550413370132446,"y":1.6409187316894532,"z":-15.989828109741211},"rotation":{"x":0.025941617786884309,"y":0.2767352759838104,"z":-0.007473669946193695,"w":0.9605669379234314},"size":8.691862106323243,"orthographic":true}