{"cameraMode":{"drawMode":0,"name":"Shaded","section":"Shading Mode"},"sceneLighting":false,"audioPlay":false,"sceneViewState":{"showFog":true,"showMaterialUpdate":false,"showSkybox":false,"showFlares":true,"showImageEffects":true,"showParticleSystems":true},"in2DMode":false,"pivot":{"x":0.0000019073486328125,"y":0.0,"z":-0.00000286102294921875},"rotation":{"x":0.7175681591033936,"y":-0.009401403367519379,"z":0.009687762707471848,"w":0.6963574886322022},"size":70.08132934570313,"orthographic":false}