{"cameraMode":{"drawMode":0,"name":"Shaded","section":"Shading Mode"},"sceneLighting":false,"audioPlay":false,"sceneViewState":{"showFog":true,"showMaterialUpdate":false,"showSkybox":false,"showFlares":true,"showImageEffects":true,"showParticleSystems":true},"in2DMode":false,"pivot":{"x":-0.06550413370132446,"y":1.6409187316894532,"z":-15.989828109741211},"rotation":{"x":0.3103795349597931,"y":0.5070881247520447,"z":-0.2022436261177063,"w":0.7782187461853027},"size":8.691862106323243,"orthographic":true}