{"cameraMode":{"drawMode":0,"name":"Shaded","section":"Shading Mode"},"sceneLighting":false,"audioPlay":false,"sceneViewState":{"showFog":true,"showMaterialUpdate":false,"showSkybox":false,"showFlares":true,"showImageEffects":true,"showParticleSystems":true},"in2DMode":false,"pivot":{"x":0.0,"y":0.5899999737739563,"z":-3.4599995613098146},"rotation":{"x":0.28747349977493288,"y":0.5858582258224487,"z":-0.23365981876850129,"w":0.7207863330841065},"size":29.329792022705079,"orthographic":true}