{"cameraMode":{"drawMode":0,"name":"Shaded","section":"Shading Mode"},"sceneLighting":false,"audioPlay":false,"sceneViewState":{"showFog":true,"showMaterialUpdate":false,"showSkybox":false,"showFlares":true,"showImageEffects":true,"showParticleSystems":true},"in2DMode":false,"pivot":{"x":-0.13651233911514283,"y":-1.1129809617996216,"z":0.013500213623046875},"rotation":{"x":0.09584387391805649,"y":-0.01343743596225977,"z":0.0012939706211909652,"w":0.9953051209449768},"size":5.151283264160156,"orthographic":false}