{"cameraMode":{"drawMode":0,"name":"Shaded","section":"Shading Mode"},"sceneLighting":false,"audioPlay":false,"sceneViewState":{"showFog":true,"showMaterialUpdate":false,"showSkybox":false,"showFlares":true,"showImageEffects":true,"showParticleSystems":true},"in2DMode":false,"pivot":{"x":0.06959915161132813,"y":4.109999656677246,"z":7.613419532775879},"rotation":{"x":0.8046037554740906,"y":-0.014242584817111493,"z":0.019314197823405267,"w":0.5933271646499634},"size":92.72510528564453,"orthographic":true}