{"cameraMode":{"drawMode":0,"name":"Shaded","section":"Shading Mode"},"sceneLighting":false,"audioPlay":false,"sceneViewState":{"showFog":true,"showMaterialUpdate":false,"showSkybox":false,"showFlares":true,"showImageEffects":true,"showParticleSystems":true},"in2DMode":false,"pivot":{"x":-0.08133125305175781,"y":0.055911071598529819,"z":7.450580596923828e-9},"rotation":{"x":-0.2338702529668808,"y":-0.05189784988760948,"z":0.01250250544399023,"w":-0.9708060622215271},"size":12.091119766235352,"orthographic":true}