{"cameraMode":{"drawMode":0,"name":"Shaded","section":"Shading Mode"},"sceneLighting":false,"audioPlay":false,"sceneViewState":{"showFog":true,"showMaterialUpdate":false,"showSkybox":false,"showFlares":true,"showImageEffects":true,"showParticleSystems":true},"in2DMode":false,"pivot":{"x":1.540417194366455,"y":0.6039769649505615,"z":1.7160425186157227},"rotation":{"x":0.10110073536634445,"y":0.049225665628910068,"z":-0.005008611362427473,"w":0.9936459064483643},"size":14.328123092651368,"orthographic":false}