{"cameraMode":{"drawMode":0,"name":"Shaded","section":"Shading Mode"},"sceneLighting":false,"audioPlay":false,"sceneViewState":{"showFog":true,"showMaterialUpdate":false,"showSkybox":false,"showFlares":true,"showImageEffects":true,"showParticleSystems":true},"in2DMode":false,"pivot":{"x":473.4903564453125,"y":50.00347900390625,"z":473.8676452636719},"rotation":{"x":0.2842581570148468,"y":0.09875979274511337,"z":-0.029370039701461793,"w":0.9532492160797119},"size":700.2855224609375,"orthographic":false}