{"cameraMode":{"drawMode":0,"name":"Shaded","section":"Shading Mode"},"sceneLighting":false,"audioPlay":false,"sceneViewState":{"showFog":true,"showMaterialUpdate":false,"showSkybox":false,"showFlares":true,"showImageEffects":true,"showParticleSystems":true},"in2DMode":false,"pivot":{"x":0.025976546108722688,"y":0.027975305914878846,"z":0.007310986518859863},"rotation":{"x":0.04949556291103363,"y":0.9400677680969238,"z":-0.29947027564048769,"w":0.15537159144878388},"size":0.2843007445335388,"orthographic":false}