{"cameraMode":{"drawMode":0,"name":"Shaded","section":"Shading Mode"},"sceneLighting":true,"audioPlay":false,"sceneViewState":{"showFog":true,"showMaterialUpdate":false,"showSkybox":true,"showFlares":true,"showImageEffects":true,"showParticleSystems":true},"in2DMode":false,"pivot":{"x":-16.94156265258789,"y":2.0377235412597658,"z":-0.8102140426635742},"rotation":{"x":0.2608715891838074,"y":-0.20090758800506593,"z":0.055602822452783588,"w":0.9425977468490601},"size":29.21640968322754,"orthographic":false}