{"cameraMode":{"drawMode":0,"name":"Shaded","section":"Shading Mode"},"sceneLighting":false,"audioPlay":false,"sceneViewState":{"showFog":true,"showMaterialUpdate":false,"showSkybox":false,"showFlares":true,"showImageEffects":true,"showParticleSystems":true},"in2DMode":false,"pivot":{"x":-1.5628076791763306,"y":3.362149715423584,"z":0.2976703941822052},"rotation":{"x":0.18595919013023377,"y":0.22076766192913056,"z":-0.042830873280763629,"w":0.9565282464027405},"size":7.038238525390625,"orthographic":false}