{"cameraMode":{"drawMode":0,"name":"Shaded","section":"Shading Mode"},"sceneLighting":false,"audioPlay":false,"sceneViewState":{"showFog":true,"showMaterialUpdate":false,"showSkybox":false,"showFlares":true,"showImageEffects":true,"showParticleSystems":true},"in2DMode":false,"pivot":{"x":0.4324127435684204,"y":-0.1341429352760315,"z":-0.30120813846588137},"rotation":{"x":0.23648107051849366,"y":-0.19659283757209779,"z":0.04892515018582344,"w":0.950289249420166},"size":6.080610752105713,"orthographic":true}