{"cameraMode":{"drawMode":0,"name":"Shaded","section":"Shading Mode"},"sceneLighting":true,"audioPlay":false,"sceneViewState":{"showFog":true,"showMaterialUpdate":false,"showSkybox":true,"showFlares":true,"showImageEffects":true,"showParticleSystems":true},"in2DMode":false,"pivot":{"x":-96.13863372802735,"y":0.55999755859375,"z":28.73249626159668},"rotation":{"x":0.2347075194120407,"y":-0.08734750747680664,"z":0.021180639043450357,"w":0.967902421951294},"size":182.89990234375,"orthographic":true}