{"cameraMode":{"drawMode":0,"name":"Shaded","section":"Shading Mode"},"sceneLighting":false,"audioPlay":false,"sceneViewState":{"showFog":true,"showMaterialUpdate":false,"showSkybox":false,"showFlares":true,"showImageEffects":true,"showParticleSystems":true},"in2DMode":false,"pivot":{"x":-0.0008753687143325806,"y":0.0,"z":-0.003549836575984955},"rotation":{"x":0.05634189397096634,"y":0.9285878539085388,"z":-0.33147940039634707,"w":0.15743982791900636},"size":0.44643375277519228,"orthographic":false}