{"cameraMode":{"drawMode":0,"name":"Shaded","section":"Shading Mode"},"sceneLighting":true,"audioPlay":false,"sceneViewState":{"showFog":true,"showMaterialUpdate":false,"showSkybox":true,"showFlares":true,"showImageEffects":true,"showParticleSystems":true},"in2DMode":false,"pivot":{"x":80.94731140136719,"y":0.0,"z":59.408653259277347},"rotation":{"x":0.16362236440181733,"y":-0.02071542665362358,"z":0.003436609171330929,"w":0.9863002896308899},"size":162.6251678466797,"orthographic":true}