{"cameraMode":{"drawMode":0,"name":"Shaded","section":"Shading Mode"},"sceneLighting":false,"audioPlay":false,"sceneViewState":{"showFog":true,"showMaterialUpdate":false,"showSkybox":false,"showFlares":true,"showImageEffects":true,"showParticleSystems":true},"in2DMode":false,"pivot":{"x":-0.0010363608598709107,"y":7.450580596923828e-9,"z":0.0},"rotation":{"x":0.05634189397096634,"y":0.9285878539085388,"z":-0.33147940039634707,"w":0.15743982791900636},"size":0.43375086784362795,"orthographic":false}