{"cameraMode":{"drawMode":0,"name":"Shaded","section":"Shading Mode"},"sceneLighting":false,"audioPlay":false,"sceneViewState":{"showFog":true,"showMaterialUpdate":false,"showSkybox":false,"showFlares":true,"showImageEffects":true,"showParticleSystems":true},"in2DMode":false,"pivot":{"x":1091.673095703125,"y":898.2789306640625,"z":331.609130859375},"rotation":{"x":0.12506341934204102,"y":0.010417599231004715,"z":-0.001313062384724617,"w":0.9920934438705444},"size":211.1646270751953,"orthographic":true}