{"cameraMode":{"drawMode":0,"name":"Shaded","section":"Shading Mode"},"sceneLighting":false,"audioPlay":false,"sceneViewState":{"showFog":true,"showMaterialUpdate":false,"showSkybox":false,"showFlares":true,"showImageEffects":true,"showParticleSystems":true},"in2DMode":false,"pivot":{"x":1.1150084733963013,"y":1.2616145610809327,"z":-0.12747883796691895},"rotation":{"x":0.07226953655481339,"y":-0.04237614572048187,"z":0.0030732208397239448,"w":0.9964812397956848},"size":4.658653736114502,"orthographic":true}