{"cameraMode":{"drawMode":0,"name":"Shaded","section":"Shading Mode"},"sceneLighting":false,"audioPlay":false,"sceneViewState":{"showFog":true,"showMaterialUpdate":false,"showSkybox":false,"showFlares":true,"showImageEffects":true,"showParticleSystems":true},"in2DMode":false,"pivot":{"x":-14.162273406982422,"y":-9.677362442016602,"z":43.766700744628909},"rotation":{"x":0.12906381487846375,"y":-0.05114477872848511,"z":0.006665256340056658,"w":0.99029541015625},"size":71.27352142333985,"orthographic":false}