{"cameraMode":{"drawMode":0,"name":"Shaded","section":"Shading Mode"},"sceneLighting":false,"audioPlay":false,"sceneViewState":{"showFog":true,"showMaterialUpdate":false,"showSkybox":false,"showFlares":true,"showImageEffects":true,"showParticleSystems":true},"in2DMode":false,"pivot":{"x":0.06959915161132813,"y":4.109999656677246,"z":7.613419532775879},"rotation":{"x":0.14790378510951997,"y":0.7805020213127136,"z":-0.201456680893898,"w":0.573025643825531},"size":23.085493087768556,"orthographic":true}