{"cameraMode":{"drawMode":0,"name":"Shaded","section":"Shading Mode"},"sceneLighting":false,"audioPlay":false,"sceneViewState":{"showFog":true,"showMaterialUpdate":false,"showSkybox":false,"showFlares":true,"showImageEffects":true,"showParticleSystems":true},"in2DMode":false,"pivot":{"x":10.546825408935547,"y":41.69258499145508,"z":5.280611991882324},"rotation":{"x":0.7943903803825378,"y":-0.08728361129760742,"z":0.11762384325265885,"w":0.5894829034805298},"size":3.1557676792144777,"orthographic":false}