{"cameraMode":{"drawMode":0,"name":"Shaded","section":"Shading Mode"},"sceneLighting":false,"audioPlay":false,"sceneViewState":{"showFog":true,"showMaterialUpdate":false,"showSkybox":false,"showFlares":true,"showImageEffects":true,"showParticleSystems":true},"in2DMode":false,"pivot":{"x":-0.27025699615478518,"y":-0.5135231018066406,"z":0.0490185022354126},"rotation":{"x":0.15607580542564393,"y":0.7445105314254761,"z":-0.18694047629833222,"w":0.6216332912445068},"size":10.779426574707032,"orthographic":false}