{"cameraMode":{"drawMode":0,"name":"Shaded","section":"Shading Mode"},"sceneLighting":true,"audioPlay":false,"sceneViewState":{"showFog":true,"showMaterialUpdate":false,"showSkybox":true,"showFlares":true,"showImageEffects":true,"showParticleSystems":true},"in2DMode":false,"pivot":{"x":0.12794435024261475,"y":3.2850027084350588,"z":-7.097262382507324},"rotation":{"x":-0.006894676014780998,"y":0.032399844378232959,"z":-0.0002202524192398414,"w":-0.9994730949401856},"size":12.245134353637696,"orthographic":false}