{"cameraMode":{"drawMode":0,"name":"Shaded","section":"Shading Mode"},"sceneLighting":false,"audioPlay":false,"sceneViewState":{"showFog":true,"showMaterialUpdate":false,"showSkybox":false,"showFlares":true,"showImageEffects":true,"showParticleSystems":true},"in2DMode":false,"pivot":{"x":0.06550413370132446,"y":1.6409187316894532,"z":-15.993566513061524},"rotation":{"x":0.0886523500084877,"y":-0.2965240180492401,"z":0.027656322345137597,"w":0.9505002498626709},"size":4.480672359466553,"orthographic":true}