{"cameraMode":{"drawMode":0,"name":"Shaded","section":"Shading Mode"},"sceneLighting":false,"audioPlay":false,"sceneViewState":{"showFog":true,"showMaterialUpdate":false,"showSkybox":false,"showFlares":true,"showImageEffects":true,"showParticleSystems":true},"in2DMode":false,"pivot":{"x":-0.5318241715431213,"y":-0.0008987188339233398,"z":-2.0849599838256838},"rotation":{"x":-0.09673275053501129,"y":0.017323443666100503,"z":-0.001689121825620532,"w":-0.9951684474945068},"size":9.931801795959473,"orthographic":true}