{"cameraMode":{"drawMode":0,"name":"Shaded","section":"Shading Mode"},"sceneLighting":true,"audioPlay":false,"sceneViewState":{"showFog":true,"showMaterialUpdate":false,"showSkybox":true,"showFlares":true,"showImageEffects":true,"showParticleSystems":true},"in2DMode":false,"pivot":{"x":-133.79244995117188,"y":-287.89434814453127,"z":-5.32061767578125},"rotation":{"x":0.4714304208755493,"y":-0.47173744440078738,"z":0.3339543640613556,"w":0.6662070155143738},"size":465.99786376953127,"orthographic":false}