{"cameraMode":{"drawMode":0,"name":"Shaded","section":"Shading Mode"},"sceneLighting":true,"audioPlay":false,"sceneViewState":{"showFog":true,"showMaterialUpdate":false,"showSkybox":true,"showFlares":true,"showImageEffects":true,"showParticleSystems":true},"in2DMode":false,"pivot":{"x":-10.419761657714844,"y":-40.966064453125,"z":3.1936237812042238},"rotation":{"x":0.4144296646118164,"y":-0.026980087161064149,"z":0.012379633262753487,"w":0.9096527695655823},"size":87.61106872558594,"orthographic":false}