{"cameraMode":{"drawMode":0,"name":"Shaded","section":"Shading Mode"},"sceneLighting":false,"audioPlay":false,"sceneViewState":{"showFog":true,"showMaterialUpdate":false,"showSkybox":false,"showFlares":true,"showImageEffects":true,"showParticleSystems":true},"in2DMode":false,"pivot":{"x":-40.78342056274414,"y":0.04794949293136597,"z":48.59282302856445},"rotation":{"x":0.015941457822918893,"y":-0.3315543830394745,"z":0.005602177232503891,"w":0.9432863593101502},"size":12.714070320129395,"orthographic":true}