{"cameraMode":{"drawMode":0,"name":"Shaded","section":"Shading Mode"},"sceneLighting":false,"audioPlay":false,"sceneViewState":{"showFog":true,"showMaterialUpdate":false,"showSkybox":false,"showFlares":true,"showImageEffects":true,"showParticleSystems":true},"in2DMode":false,"pivot":{"x":-0.3000001907348633,"y":-0.43000006675720217,"z":10.899999618530274},"rotation":{"x":-0.35521796345710757,"y":0.10122531652450562,"z":-0.038724135607481,"w":-0.9284861087799072},"size":28.653732299804689,"orthographic":false}