{"cameraMode":{"drawMode":0,"name":"Shaded","section":"Shading Mode"},"sceneLighting":true,"audioPlay":false,"sceneViewState":{"showFog":true,"showMaterialUpdate":false,"showSkybox":true,"showFlares":true,"showImageEffects":true,"showParticleSystems":true},"in2DMode":false,"pivot":{"x":56.52006149291992,"y":-0.003469485091045499,"z":65.68435668945313},"rotation":{"x":0.2776557207107544,"y":-0.017290234565734865,"z":0.005000643897801638,"w":0.9605178236961365},"size":56.43239212036133,"orthographic":true}