{"cameraMode":{"drawMode":0,"name":"Shaded","section":"Shading Mode"},"sceneLighting":false,"audioPlay":false,"sceneViewState":{"showFog":true,"showMaterialUpdate":false,"showSkybox":false,"showFlares":true,"showImageEffects":true,"showParticleSystems":true},"in2DMode":false,"pivot":{"x":-4.318167686462402,"y":0.9039928317070007,"z":4.266887187957764},"rotation":{"x":0.015941457822918893,"y":-0.3315543830394745,"z":0.005602177232503891,"w":0.9432863593101502},"size":4.658653736114502,"orthographic":true}