{"cameraMode":{"drawMode":0,"name":"Shaded","section":"Shading Mode"},"sceneLighting":true,"audioPlay":false,"sceneViewState":{"showFog":true,"showMaterialUpdate":false,"showSkybox":true,"showFlares":true,"showImageEffects":true,"showParticleSystems":true},"in2DMode":false,"pivot":{"x":55.5118408203125,"y":-68.3050308227539,"z":6.531633377075195},"rotation":{"x":0.6800988912582398,"y":0.0010997431818395854,"z":-0.0010202097473666072,"w":0.7331193089485169},"size":182.03941345214845,"orthographic":true}