{"cameraMode":{"drawMode":0,"name":"Shaded","section":"Shading Mode"},"sceneLighting":true,"audioPlay":false,"sceneViewState":{"showFog":true,"showMaterialUpdate":false,"showSkybox":true,"showFlares":true,"showImageEffects":true,"showParticleSystems":true},"in2DMode":false,"pivot":{"x":39.05321502685547,"y":-19.95827293395996,"z":23.07624053955078},"rotation":{"x":-0.14624285697937013,"y":-0.42338070273399355,"z":0.06942733377218247,"w":-0.8914128541946411},"size":73.44465637207031,"orthographic":false}