{"cameraMode":{"drawMode":0,"name":"Shaded","section":"Shading Mode"},"sceneLighting":true,"audioPlay":false,"sceneViewState":{"showFog":true,"showMaterialUpdate":false,"showSkybox":true,"showFlares":true,"showImageEffects":true,"showParticleSystems":true},"in2DMode":false,"pivot":{"x":-52.91238784790039,"y":0.004025232512503862,"z":9.865544319152832},"rotation":{"x":-0.1279660165309906,"y":-0.03514597564935684,"z":0.004574481397867203,"w":-0.9911726117134094},"size":83.9065170288086,"orthographic":true}