{"cameraMode":{"drawMode":0,"name":"Shaded","section":"Shading Mode"},"sceneLighting":true,"audioPlay":false,"sceneViewState":{"showFog":true,"showMaterialUpdate":false,"showSkybox":true,"showFlares":true,"showImageEffects":true,"showParticleSystems":true},"in2DMode":false,"pivot":{"x":-6.7860260009765629,"y":5.619162082672119,"z":28.78961944580078},"rotation":{"x":0.2113674283027649,"y":0.01524867583066225,"z":-0.0032979215029627086,"w":0.9772830605506897},"size":23.921457290649415,"orthographic":false}