{"cameraMode":{"drawMode":0,"name":"Shaded","section":"Shading Mode"},"sceneLighting":true,"audioPlay":false,"sceneViewState":{"showFog":true,"showMaterialUpdate":false,"showSkybox":true,"showFlares":true,"showImageEffects":true,"showParticleSystems":true},"in2DMode":false,"pivot":{"x":-96.13863372802735,"y":0.55999755859375,"z":28.73249626159668},"rotation":{"x":0.26887762546539309,"y":-0.14380744099617005,"z":0.04063649848103523,"w":0.9515118598937988},"size":181.5003662109375,"orthographic":true}