{"cameraMode":{"drawMode":0,"name":"Shaded","section":"Shading Mode"},"sceneLighting":true,"audioPlay":false,"sceneViewState":{"showFog":true,"showMaterialUpdate":false,"showSkybox":true,"showFlares":true,"showImageEffects":true,"showParticleSystems":true},"in2DMode":false,"pivot":{"x":17.70551872253418,"y":18.306787490844728,"z":-16.279043197631837},"rotation":{"x":0.23648107051849366,"y":-0.19659283757209779,"z":0.04892515018582344,"w":0.950289249420166},"size":122.2017822265625,"orthographic":true}