{"cameraMode":{"drawMode":0,"name":"Shaded","section":"Shading Mode"},"sceneLighting":false,"audioPlay":false,"sceneViewState":{"showFog":true,"showMaterialUpdate":false,"showSkybox":false,"showFlares":true,"showImageEffects":true,"showParticleSystems":true},"in2DMode":false,"pivot":{"x":0.0000019073486328125,"y":0.03602147102355957,"z":-0.000003814697265625},"rotation":{"x":0.13829883933067323,"y":0.7495351433753967,"z":-0.16564837098121644,"w":0.6258285641670227},"size":10.779426574707032,"orthographic":false}