{"cameraMode":{"drawMode":0,"name":"Shaded","section":"Shading Mode"},"sceneLighting":true,"audioPlay":false,"sceneViewState":{"showFog":true,"showMaterialUpdate":false,"showSkybox":true,"showFlares":true,"showImageEffects":true,"showParticleSystems":true},"in2DMode":false,"pivot":{"x":30.0617618560791,"y":-33.25289535522461,"z":27.053871154785158},"rotation":{"x":0.25746116042137148,"y":-0.0072464048862457279,"z":0.0019311041105538607,"w":0.9662697315216065},"size":157.8963165283203,"orthographic":true}