{"cameraMode":{"drawMode":0,"name":"Shaded","section":"Shading Mode"},"sceneLighting":false,"audioPlay":false,"sceneViewState":{"showFog":true,"showMaterialUpdate":false,"showSkybox":false,"showFlares":true,"showImageEffects":true,"showParticleSystems":true},"in2DMode":false,"pivot":{"x":9.5367431640625e-7,"y":0.0,"z":-0.0000019073486328125},"rotation":{"x":-0.3766510486602783,"y":-0.13079075515270234,"z":0.05380953475832939,"w":-0.9154971837997437},"size":35.15700912475586,"orthographic":false}