{"cameraMode":{"drawMode":0,"name":"Shaded","section":"Shading Mode"},"sceneLighting":false,"audioPlay":false,"sceneViewState":{"showFog":true,"showMaterialUpdate":false,"showSkybox":false,"showFlares":true,"showImageEffects":true,"showParticleSystems":true},"in2DMode":false,"pivot":{"x":0.0,"y":0.690000057220459,"z":0.29000091552734377},"rotation":{"x":0.4074432849884033,"y":-0.2293108105659485,"z":0.10648098587989807,"w":0.8775437474250794},"size":106.05021667480469,"orthographic":true}