{"cameraMode":{"drawMode":0,"name":"Shaded","section":"Shading Mode"},"sceneLighting":false,"audioPlay":false,"sceneViewState":{"showFog":true,"showMaterialUpdate":false,"showSkybox":false,"showFlares":true,"showImageEffects":true,"showParticleSystems":true},"in2DMode":false,"pivot":{"x":0.00010132789611816406,"y":-1.440000057220459,"z":-15.100000381469727},"rotation":{"x":0.2060668170452118,"y":-0.741419792175293,"z":0.26242688298225405,"w":0.5822209715843201},"size":186.6061248779297,"orthographic":true}