{"cameraMode":{"drawMode":0,"name":"Shaded","section":"Shading Mode"},"sceneLighting":false,"audioPlay":false,"sceneViewState":{"showFog":true,"showMaterialUpdate":false,"showSkybox":false,"showFlares":true,"showImageEffects":true,"showParticleSystems":true},"in2DMode":false,"pivot":{"x":2.6508166790008547,"y":2.783102512359619,"z":-9.168123245239258},"rotation":{"x":-0.25689300894737246,"y":-0.005221343599259853,"z":0.0013879137113690377,"w":-0.9664250016212463},"size":30.365901947021486,"orthographic":true}