{"cameraMode":{"drawMode":0,"name":"Shaded","section":"Shading Mode"},"sceneLighting":false,"audioPlay":false,"sceneViewState":{"showFog":true,"showMaterialUpdate":false,"showSkybox":false,"showFlares":true,"showImageEffects":true,"showParticleSystems":true},"in2DMode":false,"pivot":{"x":-7.545449256896973,"y":-0.27350449562072756,"z":65.22895050048828},"rotation":{"x":0.18774539232254029,"y":-0.3442021310329437,"z":0.07045362144708634,"w":0.9172323346138},"size":44.272727966308597,"orthographic":true}