{"cameraMode":{"drawMode":0,"name":"Shaded","section":"Shading Mode"},"sceneLighting":false,"audioPlay":false,"sceneViewState":{"showFog":true,"showMaterialUpdate":false,"showSkybox":false,"showFlares":true,"showImageEffects":true,"showParticleSystems":true},"in2DMode":false,"pivot":{"x":60.599998474121097,"y":-44.79999923706055,"z":0.0},"rotation":{"x":0.5176156163215637,"y":0.017712339758872987,"z":-0.010711347684264183,"w":0.855375349521637},"size":247.80506896972657,"orthographic":true}