{"cameraMode":{"drawMode":0,"name":"Shaded","section":"Shading Mode"},"sceneLighting":false,"audioPlay":false,"sceneViewState":{"showFog":true,"showMaterialUpdate":false,"showSkybox":false,"showFlares":true,"showImageEffects":true,"showParticleSystems":true},"in2DMode":false,"pivot":{"x":0.6299999952316284,"y":26.68000030517578,"z":-19.0},"rotation":{"x":-0.08527123928070069,"y":0.05735795572400093,"z":0.004925882909446955,"w":0.9946980476379395},"size":32.694095611572269,"orthographic":true}