{"cameraMode":{"drawMode":0,"name":"Shaded","section":"Shading Mode"},"sceneLighting":false,"audioPlay":false,"sceneViewState":{"showFog":true,"showMaterialUpdate":false,"showSkybox":false,"showFlares":true,"showImageEffects":true,"showParticleSystems":true},"in2DMode":false,"pivot":{"x":60.599998474121097,"y":-44.79999923706055,"z":0.0},"rotation":{"x":0.7120554447174072,"y":-0.021468328312039377,"z":0.021798647940158845,"w":0.7014733552932739},"size":233.00686645507813,"orthographic":true}