{"cameraMode":{"drawMode":0,"name":"Shaded","section":"Shading Mode"},"sceneLighting":false,"audioPlay":false,"sceneViewState":{"showFog":true,"showMaterialUpdate":false,"showSkybox":false,"showFlares":true,"showImageEffects":true,"showParticleSystems":true},"in2DMode":false,"pivot":{"x":1.0273281335830689,"y":-1.410936713218689,"z":0.8823490142822266},"rotation":{"x":-0.32499659061431887,"y":-0.41845303773880007,"z":0.16341537237167359,"w":-0.8322089910507202},"size":12.248992919921875,"orthographic":false}