{"cameraMode":{"drawMode":0,"name":"Shaded","section":"Shading Mode"},"sceneLighting":false,"audioPlay":false,"sceneViewState":{"showFog":true,"showMaterialUpdate":false,"showSkybox":false,"showFlares":true,"showImageEffects":true,"showParticleSystems":true},"in2DMode":false,"pivot":{"x":0.18315501511096955,"y":1.0245312452316285,"z":-16.631772994995118},"rotation":{"x":0.061467885971069339,"y":0.9309684038162231,"z":-0.18519821763038636,"w":0.3087044060230255},"size":6.0075297355651859,"orthographic":true}