{"cameraMode":{"drawMode":0,"name":"Shaded","section":"Shading Mode"},"sceneLighting":false,"audioPlay":false,"sceneViewState":{"showFog":true,"showMaterialUpdate":false,"showSkybox":false,"showFlares":true,"showImageEffects":true,"showParticleSystems":true},"in2DMode":false,"pivot":{"x":0.0004036426544189453,"y":0.24999961256980897,"z":-15.100719451904297},"rotation":{"x":-0.08114012330770493,"y":-0.04424146190285683,"z":0.0036051920615136625,"w":-0.9957139492034912},"size":4.739264488220215,"orthographic":false}