{"cameraMode":{"drawMode":0,"name":"Shaded","section":"Shading Mode"},"sceneLighting":false,"audioPlay":false,"sceneViewState":{"showFog":true,"showMaterialUpdate":false,"showSkybox":false,"showFlares":true,"showImageEffects":true,"showParticleSystems":true},"in2DMode":false,"pivot":{"x":-3.7659425735473635,"y":-1.7297539710998536,"z":3.8650636672973635},"rotation":{"x":-0.3766510486602783,"y":-0.13079075515270234,"z":0.05380953475832939,"w":-0.9154971837997437},"size":12.248992919921875,"orthographic":false}