{"cameraMode":{"drawMode":0,"name":"Shaded","section":"Shading Mode"},"sceneLighting":false,"audioPlay":false,"sceneViewState":{"showFog":true,"showMaterialUpdate":false,"showSkybox":false,"showFlares":true,"showImageEffects":true,"showParticleSystems":true},"in2DMode":false,"pivot":{"x":13.760002136230469,"y":0.0,"z":-14.660005569458008},"rotation":{"x":-0.30867740511894228,"y":-0.006565407384186983,"z":0.002131108893081546,"w":-0.9511427879333496},"size":331.5478820800781,"orthographic":true}