{"cameraMode":{"drawMode":0,"name":"Shaded","section":"Shading Mode"},"sceneLighting":true,"audioPlay":false,"sceneViewState":{"showFog":true,"showMaterialUpdate":false,"showSkybox":true,"showFlares":true,"showImageEffects":true,"showParticleSystems":true},"in2DMode":false,"pivot":{"x":0.44401514530181887,"y":0.26735496520996096,"z":-3.3226184844970705},"rotation":{"x":-0.41622763872146609,"y":-0.007913191802799702,"z":0.0036224774084985258,"w":-0.9092200398445129},"size":31.785987854003908,"orthographic":false}