{"cameraMode":{"drawMode":0,"name":"Shaded","section":"Shading Mode"},"sceneLighting":false,"audioPlay":false,"sceneViewState":{"showFog":true,"showMaterialUpdate":false,"showSkybox":false,"showFlares":true,"showImageEffects":true,"showParticleSystems":true},"in2DMode":false,"pivot":{"x":-59.05658721923828,"y":-33.310302734375,"z":77.09375},"rotation":{"x":0.1642494648694992,"y":0.00591858197003603,"z":-0.0009850739734247327,"w":0.9864020943641663},"size":5064.83544921875,"orthographic":true}