{"cameraMode":{"drawMode":0,"name":"Shaded","section":"Shading Mode"},"sceneLighting":false,"audioPlay":false,"sceneViewState":{"showFog":true,"showMaterialUpdate":false,"showSkybox":false,"showFlares":true,"showImageEffects":true,"showParticleSystems":true},"in2DMode":false,"pivot":{"x":16.906152725219728,"y":3.0910449028015138,"z":-1.0687744617462159},"rotation":{"x":0.12487591803073883,"y":-0.7678680419921875,"z":0.15765422582626344,"w":0.6082195043563843},"size":7.88909912109375,"orthographic":true}