{"cameraMode":{"drawMode":0,"name":"Shaded","section":"Shading Mode"},"sceneLighting":false,"audioPlay":false,"sceneViewState":{"showFog":true,"showMaterialUpdate":false,"showSkybox":false,"showFlares":true,"showImageEffects":true,"showParticleSystems":true},"in2DMode":false,"pivot":{"x":0.2357335090637207,"y":-0.6137661933898926,"z":-1.9466030597686768},"rotation":{"x":-0.13546770811080934,"y":0.7404848337173462,"z":-0.1569076031446457,"w":-0.6393051147460938},"size":5.712853908538818,"orthographic":false}