{"cameraMode":{"drawMode":0,"name":"Shaded","section":"Shading Mode"},"sceneLighting":false,"audioPlay":false,"sceneViewState":{"showFog":true,"showMaterialUpdate":false,"showSkybox":false,"showFlares":true,"showImageEffects":true,"showParticleSystems":true},"in2DMode":false,"pivot":{"x":-3.4933881759643556,"y":2.022951126098633,"z":0.2550836205482483},"rotation":{"x":-0.18448664247989655,"y":-0.6505718231201172,"z":0.1672946810722351,"w":-0.7174975275993347},"size":64.74991607666016,"orthographic":true}