{"cameraMode":{"drawMode":0,"name":"Shaded","section":"Shading Mode"},"sceneLighting":false,"audioPlay":false,"sceneViewState":{"showFog":true,"showMaterialUpdate":false,"showSkybox":false,"showFlares":true,"showImageEffects":true,"showParticleSystems":true},"in2DMode":false,"pivot":{"x":-2.1887547969818117,"y":28.850923538208009,"z":-26.179542541503908},"rotation":{"x":0.5069280862808228,"y":0.10191132128238678,"z":-0.060522712767124179,"w":0.8538295030593872},"size":81.16246795654297,"orthographic":true}