{"cameraMode":{"drawMode":0,"name":"Shaded","section":"Shading Mode"},"sceneLighting":false,"audioPlay":false,"sceneViewState":{"showFog":true,"showMaterialUpdate":false,"showSkybox":false,"showFlares":true,"showImageEffects":true,"showParticleSystems":true},"in2DMode":false,"pivot":{"x":-5.098053932189941,"y":-6.660123348236084,"z":-10.725558280944825},"rotation":{"x":-0.3495233654975891,"y":0.09030502289533615,"z":-0.03386831283569336,"w":-0.9319515228271484},"size":36.257781982421878,"orthographic":true}