{"cameraMode":{"drawMode":0,"name":"Shaded","section":"Shading Mode"},"sceneLighting":false,"audioPlay":false,"sceneViewState":{"showFog":true,"showMaterialUpdate":false,"showSkybox":false,"showFlares":true,"showImageEffects":true,"showParticleSystems":true},"in2DMode":false,"pivot":{"x":-4.52276611328125,"y":-7.737783432006836,"z":85.7684097290039},"rotation":{"x":0.19170111417770387,"y":-0.005888765677809715,"z":0.0011501534609124065,"w":0.981437087059021},"size":48.204341888427737,"orthographic":true}