{"cameraMode":{"drawMode":0,"name":"Shaded","section":"Shading Mode"},"sceneLighting":false,"audioPlay":false,"sceneViewState":{"showFog":true,"showMaterialUpdate":false,"showSkybox":false,"showFlares":true,"showImageEffects":true,"showParticleSystems":true},"in2DMode":false,"pivot":{"x":0.18315501511096955,"y":1.0245312452316285,"z":-16.631772994995118},"rotation":{"x":0.14857126772403718,"y":-0.47507479786872866,"z":0.08174445480108261,"w":0.8634516000747681},"size":9.329510688781739,"orthographic":true}