{"cameraMode":{"drawMode":0,"name":"Shaded","section":"Shading Mode"},"sceneLighting":false,"audioPlay":false,"sceneViewState":{"showFog":true,"showMaterialUpdate":false,"showSkybox":false,"showFlares":true,"showImageEffects":true,"showParticleSystems":true},"in2DMode":false,"pivot":{"x":16.998437881469728,"y":1.0,"z":-1.9836080074310303},"rotation":{"x":-0.25689300894737246,"y":-0.005221343599259853,"z":0.0013879137113690377,"w":-0.9664250016212463},"size":5.7157673835754398,"orthographic":true}