{"cameraMode":{"drawMode":0,"name":"Shaded","section":"Shading Mode"},"sceneLighting":false,"audioPlay":false,"sceneViewState":{"showFog":true,"showMaterialUpdate":false,"showSkybox":false,"showFlares":true,"showImageEffects":true,"showParticleSystems":true},"in2DMode":false,"pivot":{"x":140.82562255859376,"y":697.5999755859375,"z":0.0},"rotation":{"x":-0.0006427421467378736,"y":-0.999022364616394,"z":0.04166770726442337,"w":-0.015289525501430035},"size":1276.803466796875,"orthographic":true}