{"cameraMode":{"drawMode":0,"name":"Shaded","section":"Shading Mode"},"sceneLighting":true,"audioPlay":false,"sceneViewState":{"showFog":true,"showMaterialUpdate":false,"showSkybox":true,"showFlares":true,"showImageEffects":true,"showParticleSystems":true},"in2DMode":false,"pivot":{"x":0.6089451909065247,"y":-12.341850280761719,"z":12.58343505859375},"rotation":{"x":-0.4216736853122711,"y":0.008429808542132378,"z":-0.003920422866940498,"w":-0.9067025780677795},"size":73.36101531982422,"orthographic":false}