{"cameraMode":{"drawMode":0,"name":"Shaded","section":"Shading Mode"},"sceneLighting":false,"audioPlay":false,"sceneViewState":{"showFog":true,"showMaterialUpdate":false,"showSkybox":false,"showFlares":true,"showImageEffects":true,"showParticleSystems":true},"in2DMode":false,"pivot":{"x":13.760002136230469,"y":0.0,"z":-14.660005569458008},"rotation":{"x":-0.2986622750759125,"y":0.010590539313852787,"z":-0.0033144992776215078,"w":-0.9542946815490723},"size":58.505027770996097,"orthographic":true}