{"cameraMode":{"drawMode":0,"name":"Shaded","section":"Shading Mode"},"sceneLighting":true,"audioPlay":false,"sceneViewState":{"showFog":true,"showMaterialUpdate":false,"showSkybox":true,"showFlares":true,"showImageEffects":true,"showParticleSystems":true},"in2DMode":false,"pivot":{"x":-0.05920245125889778,"y":0.46525558829307558,"z":-0.06956278532743454},"rotation":{"x":0.37016069889068606,"y":0.6075597405433655,"z":-0.3807489275932312,"w":0.590667188167572},"size":2.479449510574341,"orthographic":false}