{"cameraMode":{"drawMode":0,"name":"Shaded","section":"Shading Mode"},"sceneLighting":true,"audioPlay":false,"sceneViewState":{"showFog":true,"showMaterialUpdate":false,"showSkybox":true,"showFlares":true,"showImageEffects":true,"showParticleSystems":true},"in2DMode":false,"pivot":{"x":-1.6096359491348267,"y":-1.3236181735992432,"z":0.6586818695068359},"rotation":{"x":-0.24379003047943116,"y":-0.01687692478299141,"z":0.004243436735123396,"w":-0.9696731567382813},"size":5.5084228515625,"orthographic":false}