{"cameraMode":{"drawMode":0,"name":"Shaded","section":"Shading Mode"},"sceneLighting":true,"audioPlay":false,"sceneViewState":{"showFog":true,"showMaterialUpdate":false,"showSkybox":true,"showFlares":true,"showImageEffects":true,"showParticleSystems":true},"in2DMode":false,"pivot":{"x":120.51121520996094,"y":-34.18268966674805,"z":6.072985649108887},"rotation":{"x":0.10125396400690079,"y":0.6804063320159912,"z":-0.0957488864660263,"w":0.719476044178009},"size":137.1321258544922,"orthographic":false}